{
  "Block A": [31.481991, 74.3036737],
  "Block B": [31.4815466, 74.3030166],
  "Block C": [31.4811762, 74.3028048],
  "Block D": [31.481064, 74.3033213],
  "Block E": [31.4815328, 74.3038079],
  "Block F": [31.4805619, 74.3041524]
}